ResNum,AA,ACC,RSA
1,M,230,1.133
2,E,173,0.808
3,I,131,0.672
4,C,95,0.642
5,R,245,0.925
6,G,71,0.732
7,L,171,0.895
8,R,235,0.887
9,S,98,0.685
10,H,166,0.769
11,L,144,0.754
12,I,159,0.815
13,T,114,0.699
14,L,139,0.728
15,L,136,0.712
16,L,139,0.728
17,F,164,0.719
18,L,142,0.743
19,F,184,0.807
20,H,163,0.755
21,S,109,0.762
22,E,171,0.799
23,T,132,0.81
24,I,146,0.749
25,C,121,0.818
26,R,216,0.815
27,P,118,0.766
28,S,115,0.804
29,G,69,0.711
30,R,240,0.906
31,K,181,0.787
32,S,110,0.769
33,S,63,0.441
34,K,166,0.722
35,M,70,0.345
36,Q,61,0.285
37,A,33,0.273
38,F,13,0.057
39,R,87,0.328
40,I,4,0.021
41,W,40,0.152
42,D,0,0.0
43,V,53,0.321
44,N,54,0.289
45,Q,108,0.505
46,K,0,0.0
47,T,17,0.104
48,F,1,0.004
49,Y,13,0.051
50,L,42,0.22
51,R,106,0.4
52,N,157,0.84
53,N,148,0.791
54,Q,105,0.491
55,L,9,0.047
56,V,3,0.018
57,A,1,0.008
58,G,0,0.0
59,Y,119,0.467
60,L,31,0.162
61,Q,151,0.706
62,G,54,0.557
63,P,110,0.714
64,N,91,0.487
65,V,67,0.406
66,N,144,0.77
67,L,88,0.461
68,E,45,0.21
69,E,29,0.136
70,K,97,0.422
71,I,3,0.015
72,D,16,0.086
73,V,4,0.024
74,V,8,0.048
75,P,45,0.292
76,I,17,0.087
77,E,143,0.668
78,P,95,0.617
79,H,131,0.606
80,A,23,0.19
81,L,7,0.037
82,F,5,0.022
83,L,4,0.021
84,G,0,0.0
85,I,0,0.0
86,H,88,0.407
87,G,43,0.443
88,G,0,0.0
89,K,145,0.63
90,M,43,0.212
91,C,0,0.0
92,L,2,0.01
93,S,0,0.0
94,C,3,0.02
95,V,30,0.182
96,K,141,0.613
97,S,79,0.552
98,G,63,0.649
99,D,160,0.856
100,E,139,0.65
101,T,17,0.104
102,R,126,0.475
103,L,28,0.147
104,Q,61,0.285
105,L,44,0.23
106,E,36,0.168
107,A,94,0.777
108,V,43,0.261
109,N,63,0.337
110,I,1,0.005
111,T,94,0.577
112,D,100,0.535
113,L,18,0.094
114,S,38,0.266
115,E,113,0.528
116,N,134,0.717
117,R,101,0.381
118,K,197,0.857
119,Q,128,0.598
120,D,9,0.048
121,K,112,0.487
122,R,76,0.287
123,F,1,0.004
124,A,10,0.083
125,F,0,0.0
126,I,60,0.308
127,R,76,0.287
128,S,52,0.364
129,D,93,0.497
130,S,80,0.559
131,G,74,0.763
132,P,100,0.649
133,T,14,0.086
134,T,6,0.037
135,S,26,0.182
136,F,0,0.0
137,E,43,0.201
138,S,0,0.0
139,A,17,0.14
140,A,41,0.339
141,C,13,0.088
142,P,94,0.61
143,G,30,0.309
144,W,54,0.205
145,F,36,0.158
146,L,1,0.005
147,C,0,0.0
148,T,0,0.0
149,A,10,0.083
150,M,93,0.458
151,E,126,0.589
152,A,34,0.281
153,D,62,0.332
154,Q,91,0.425
155,P,41,0.266
156,V,11,0.067
157,S,41,0.287
158,L,9,0.047
159,T,11,0.067
160,N,81,0.433
161,M,86,0.424
162,P,31,0.201
163,D,159,0.85
164,E,129,0.603
165,G,57,0.588
166,V,97,0.588
167,M,47,0.232
168,V,11,0.067
169,T,16,0.098
170,K,110,0.478
171,F,0,0.0
172,Y,70,0.275
173,F,20,0.088
174,Q,116,0.542
175,E,104,0.486
176,D,42,0.225
177,E,258,1.206
